{
  "execution_time_ms": 8.7065,
  "peak_memory_kb": 3920.0,
  "iterations": 1000,
  "final_error": 1.209081959557092,
  "initial_params": [
    0.5,
    1.0
  ],
  "final_params": [
    0.3981248183300331,
    0.9121467428795254
  ]
}