{
  "execution_time_ms": 6.7130000000,
  "peak_memory_kb": 4172,
  "iterations": 1000,
  "final_error": 1.2090819596,
  "initial_params": [0.5000000000, 1.0000000000],
  "final_params": [0.3981248183, 0.9121467429]
}
