{
  "execution_time_ms": 250.07349999941653,
  "peak_memory_kb": 40240.0,
  "iterations": 1000,
  "final_error": 1.2090819595570916,
  "initial_params": [
    0.5,
    1.0
  ],
  "final_params": [
    0.3981248183300332,
    0.9121467428795255
  ]
}