{
  "execution_time_ms": 1860.678499999267,
  "peak_memory_kb": 32.7421875,
  "iterations": 1000,
  "final_error": 1.2090819595570916,
  "initial_params": [
    0.5,
    1.0
  ],
  "final_params": [
    0.3981248183300332,
    0.9121467428795255
  ]
}