{
  "execution_time_ms": 74.86450000033074,
  "peak_memory_kb": 40432.0,
  "iterations": 1000,
  "final_error": 1.2090819595570914,
  "initial_params": [
    0.5,
    1.0
  ],
  "final_params": [
    0.3981248183300332,
    0.9121467428795255
  ]
}