{
  "execution_time_ms": 3.7310000000,
  "peak_memory_kb": 4016,
  "iterations": 1000,
  "final_error": 0.8510381181,
  "initial_params": [0.5000000000, 1.0000000000],
  "final_params": [0.5528285369, 1.0569710017]
}
